problem_index,problem_id,rtllm_path,top_module,workflow,model,skill,spec_path,rtl_path,rtl_archived,gen_status,vcs_compile,vcs_sim,sim_message,notes,updated_at
78,dualedge,,TopModule,a,,rtl-workflow-a,spec/design.spec.txt,/home/jasonpan/final_genrtl/myProject_GENRTL/experiments/artifacts_verilogeval/dualedge/workflow_a/TopModule.v,experiments/artifacts_verilogeval/dualedge/workflow_a/TopModule.v,archived,pass,pass,pass (no mismatches),,2026-06-23T16:43:57Z
95,review2015_fsmshift,,TopModule,a,,rtl-workflow-a,spec/design.spec.txt,/home/jasonpan/final_genrtl/myProject_GENRTL/experiments/artifacts_verilogeval/review2015_fsmshift/workflow_a/TopModule.v,experiments/artifacts_verilogeval/review2015_fsmshift/workflow_a/TopModule.v,archived,pass,pass,pass (no mismatches),,2026-06-23T16:44:22Z
96,review2015_fsmseq,,TopModule,a,,rtl-workflow-a,spec/design.spec.txt,/home/jasonpan/final_genrtl/myProject_GENRTL/experiments/artifacts_verilogeval/review2015_fsmseq/workflow_a/TopModule.v,experiments/artifacts_verilogeval/review2015_fsmseq/workflow_a/TopModule.v,archived,pass,fail,Hint: Total mismatched samples is 12 out of 644 samples | Mismatches: 12 in 644 samples,Pass@1 first attempt only,2026-06-23T16:49:07Z
99,m2014_q6c,,TopModule,a,,rtl-workflow-a,spec/design.spec.txt,/home/jasonpan/final_genrtl/myProject_GENRTL/experiments/artifacts_verilogeval/m2014_q6c/workflow_a/TopModule.v,experiments/artifacts_verilogeval/m2014_q6c/workflow_a/TopModule.v,archived,fail,skip,1 warning 2 errors CPU time: .130 seconds to compile ,dataset bug: testbench uses Y2/Y4 but RefModule uses Y1/Y3 (Pass@1),2026-06-23T16:49:32Z
121,2014_q3bfsm,,TopModule,a,,rtl-workflow-a,spec/design.spec.txt,/home/jasonpan/final_genrtl/myProject_GENRTL/experiments/artifacts_verilogeval/2014_q3bfsm/workflow_a/TopModule.v,experiments/artifacts_verilogeval/2014_q3bfsm/workflow_a/TopModule.v,archived,pass,pass,pass (no mismatches),,2026-06-23T16:47:49Z
124,rule110,,TopModule,a,,rtl-workflow-a,spec/design.spec.txt,/home/jasonpan/final_genrtl/myProject_GENRTL/experiments/artifacts_verilogeval/rule110/workflow_a/TopModule.v,experiments/artifacts_verilogeval/rule110/workflow_a/TopModule.v,archived,pass,fail,Hint: Total mismatched samples is 6220 out of 6284 samples | Mismatches: 6220 in 6284 samples,,2026-06-23T16:48:38Z
78,dualedge,,TopModule,b,,rtl-pipeline-workflow-b,spec/design.spec.txt,/home/jasonpan/final_genrtl/myProject_GENRTL/experiments/artifacts_verilogeval/dualedge/workflow_b/TopModule.v,experiments/artifacts_verilogeval/dualedge/workflow_b/TopModule.v,archived,pass,pass,pass (no mismatches),,2026-06-23T16:52:14Z
95,review2015_fsmshift,,TopModule,b,,rtl-pipeline-workflow-b,spec/design.spec.txt,/home/jasonpan/final_genrtl/myProject_GENRTL/experiments/artifacts_verilogeval/review2015_fsmshift/workflow_b/TopModule.v,experiments/artifacts_verilogeval/review2015_fsmshift/workflow_b/TopModule.v,archived,pass,pass,pass (no mismatches),,2026-06-23T16:56:20Z
96,review2015_fsmseq,,TopModule,b,,rtl-pipeline-workflow-b,spec/design.spec.txt,/home/jasonpan/final_genrtl/myProject_GENRTL/experiments/artifacts_verilogeval/review2015_fsmseq/workflow_b/TopModule.v,experiments/artifacts_verilogeval/review2015_fsmseq/workflow_b/TopModule.v,archived,pass,pass,pass (no mismatches),,2026-06-23T16:57:16Z
99,m2014_q6c,,TopModule,b,,rtl-pipeline-workflow-b,spec/design.spec.txt,/home/jasonpan/final_genrtl/myProject_GENRTL/experiments/artifacts_verilogeval/m2014_q6c/workflow_b/TopModule.v,experiments/artifacts_verilogeval/m2014_q6c/workflow_b/TopModule.v,archived,fail,skip,1 warning 2 errors CPU time: .130 seconds to compile ,,2026-06-23T16:58:55Z
121,2014_q3bfsm,,TopModule,b,,rtl-pipeline-workflow-b,spec/design.spec.txt,/home/jasonpan/final_genrtl/myProject_GENRTL/experiments/artifacts_verilogeval/2014_q3bfsm/workflow_b/TopModule.v,experiments/artifacts_verilogeval/2014_q3bfsm/workflow_b/TopModule.v,archived,pass,pass,pass (no mismatches),,2026-06-23T16:59:35Z
124,rule110,,TopModule,b,,rtl-pipeline-workflow-b,spec/design.spec.txt,/home/jasonpan/final_genrtl/myProject_GENRTL/workflow-b-pipeline/rtl/TopModule.v,experiments/artifacts_verilogeval/rule110/workflow_b/TopModule.v,archived,pass,fail,Hint: Total mismatched samples is 6202 out of 6284 samples | Mismatches: 6202 in 6284 samples,,2026-06-24T09:07:21Z
127,lemmings1,,TopModule,b,,rtl-pipeline-workflow-b,spec/design.spec.txt,/home/jasonpan/final_genrtl/myProject_GENRTL/experiments/artifacts_verilogeval/lemmings1/workflow_b/TopModule.v,experiments/artifacts_verilogeval/lemmings1/workflow_b/TopModule.v,archived,pass,pass,pass (no mismatches),,2026-06-23T17:01:20Z
128,fsm_ps2,,TopModule,b,,rtl-pipeline-workflow-b,spec/design.spec.txt,/home/jasonpan/final_genrtl/myProject_GENRTL/experiments/artifacts_verilogeval/fsm_ps2/workflow_b/TopModule.v,experiments/artifacts_verilogeval/fsm_ps2/workflow_b/TopModule.v,archived,pass,pass,pass (no mismatches),,2026-06-23T17:02:11Z
131,mt2015_q4,,TopModule,b,,rtl-pipeline-workflow-b,spec/design.spec.txt,/home/jasonpan/final_genrtl/myProject_GENRTL/experiments/artifacts_verilogeval/mt2015_q4/workflow_b/TopModule.v,experiments/artifacts_verilogeval/mt2015_q4/workflow_b/TopModule.v,archived,pass,pass,pass (no mismatches),,2026-06-23T17:03:06Z
127,lemmings1,,TopModule,a,,rtl-workflow-a,spec/design.spec.txt,/home/jasonpan/final_genrtl/myProject_GENRTL/experiments/artifacts_verilogeval/lemmings1/workflow_a/TopModule.v,experiments/artifacts_verilogeval/lemmings1/workflow_a/TopModule.v,archived,pass,fail,Hint: Total mismatched samples is 83 out of 230 samples | Mismatches: 83 in 230 samples,,2026-06-23T17:11:30Z
128,fsm_ps2,,TopModule,a,,rtl-workflow-a,spec/design.spec.txt,/home/jasonpan/final_genrtl/myProject_GENRTL/experiments/artifacts_verilogeval/fsm_ps2/workflow_a/TopModule.v,experiments/artifacts_verilogeval/fsm_ps2/workflow_a/TopModule.v,archived,pass,fail,Hint: Total mismatched samples is 149 out of 399 samples | Mismatches: 149 in 399 samples,,2026-06-23T17:12:31Z
131,mt2015_q4,,TopModule,a,,rtl-workflow-a,spec/design.spec.txt,/home/jasonpan/final_genrtl/myProject_GENRTL/experiments/artifacts_verilogeval/mt2015_q4/workflow_a/TopModule.v,experiments/artifacts_verilogeval/mt2015_q4/workflow_a/TopModule.v,archived,pass,pass,pass (no mismatches),,2026-06-23T17:12:57Z
133,2014_q3fsm,,TopModule,b,,rtl-pipeline-workflow-b,spec/design.spec.txt,/home/jasonpan/final_genrtl/myProject_GENRTL/experiments/artifacts_verilogeval/2014_q3fsm/workflow_b/TopModule.v,experiments/artifacts_verilogeval/2014_q3fsm/workflow_b/TopModule.v,archived,pass,fail,Hint: Total mismatched samples is 252 out of 1415 samples | Mismatches: 252 in 1415 samples,,2026-06-24T09:08:32Z
134,2014_q3c,,TopModule,b,,rtl-pipeline-workflow-b,spec/design.spec.txt,/home/jasonpan/final_genrtl/myProject_GENRTL/experiments/artifacts_verilogeval/2014_q3c/workflow_b/TopModule.v,experiments/artifacts_verilogeval/2014_q3c/workflow_b/TopModule.v,archived,pass,pass,pass (no mismatches),,2026-06-23T17:22:19Z
135,m2014_q6b,,TopModule,b,,rtl-pipeline-workflow-b,spec/design.spec.txt,/home/jasonpan/final_genrtl/myProject_GENRTL/experiments/artifacts_verilogeval/m2014_q6b/workflow_b/TopModule.v,experiments/artifacts_verilogeval/m2014_q6b/workflow_b/TopModule.v,archived,pass,pass,pass (no mismatches),,2026-06-23T17:22:53Z
136,m2014_q6,,TopModule,b,,rtl-pipeline-workflow-b,spec/design.spec.txt,/home/jasonpan/final_genrtl/myProject_GENRTL/experiments/artifacts_verilogeval/m2014_q6/workflow_b/TopModule.v,experiments/artifacts_verilogeval/m2014_q6/workflow_b/TopModule.v,archived,pass,pass,pass (no mismatches),,2026-06-23T17:23:11Z
137,fsm_serial,,TopModule,b,,rtl-pipeline-workflow-b,spec/design.spec.txt,/home/jasonpan/final_genrtl/myProject_GENRTL/experiments/artifacts_verilogeval/fsm_serial/workflow_b/TopModule.v,experiments/artifacts_verilogeval/fsm_serial/workflow_b/TopModule.v,archived,pass,pass,pass (no mismatches),,2026-06-24T09:20:18Z
138,2012_q2fsm,,TopModule,b,,rtl-pipeline-workflow-b,spec/design.spec.txt,/home/jasonpan/final_genrtl/myProject_GENRTL/experiments/artifacts_verilogeval/2012_q2fsm/workflow_b/TopModule.v,experiments/artifacts_verilogeval/2012_q2fsm/workflow_b/TopModule.v,archived,pass,pass,pass (no mismatches),,2026-06-23T17:24:20Z
139,2013_q2bfsm,,TopModule,b,,rtl-pipeline-workflow-b,spec/design.spec.txt,/home/jasonpan/final_genrtl/myProject_GENRTL/experiments/artifacts_verilogeval/2013_q2bfsm/workflow_b/TopModule.v,experiments/artifacts_verilogeval/2013_q2bfsm/workflow_b/TopModule.v,archived,pass,fail,Hint: Total mismatched samples is 54 out of 1003 samples | Mismatches: 54 in 1003 samples,,2026-06-24T09:09:44Z
140,fsm_hdlc,,TopModule,b,,rtl-pipeline-workflow-b,spec/design.spec.txt,/home/jasonpan/final_genrtl/myProject_GENRTL/experiments/artifacts_verilogeval/fsm_hdlc/workflow_b/TopModule.v,experiments/artifacts_verilogeval/fsm_hdlc/workflow_b/TopModule.v,archived,pass,pass,pass (no mismatches),,2026-06-24T09:21:46Z
133,2014_q3fsm,,TopModule,a,,rtl-workflow-a,spec/design.spec.txt,/home/jasonpan/final_genrtl/myProject_GENRTL/experiments/artifacts_verilogeval/2014_q3fsm/workflow_a/TopModule.v,experiments/artifacts_verilogeval/2014_q3fsm/workflow_a/TopModule.v,archived,pass,fail,Hint: Total mismatched samples is 174 out of 1415 samples | Mismatches: 174 in 1415 samples,,2026-06-24T08:34:21Z
134,2014_q3c,,TopModule,a,,rtl-workflow-a,spec/design.spec.txt,/home/jasonpan/final_genrtl/myProject_GENRTL/experiments/artifacts_verilogeval/2014_q3c/workflow_a/TopModule.v,experiments/artifacts_verilogeval/2014_q3c/workflow_a/TopModule.v,archived,fail,skip, 1 error CPU time: .134 seconds to compile ,,2026-06-23T17:39:03Z
135,m2014_q6b,,TopModule,a,,rtl-workflow-a,spec/design.spec.txt,/home/jasonpan/final_genrtl/myProject_GENRTL/experiments/artifacts_verilogeval/m2014_q6b/workflow_a/TopModule.v,experiments/artifacts_verilogeval/m2014_q6b/workflow_a/TopModule.v,archived,pass,pass,pass (no mismatches),,2026-06-23T17:39:56Z
136,m2014_q6,,TopModule,a,,rtl-workflow-a,spec/design.spec.txt,/home/jasonpan/final_genrtl/myProject_GENRTL/experiments/artifacts_verilogeval/m2014_q6/workflow_a/TopModule.v,experiments/artifacts_verilogeval/m2014_q6/workflow_a/TopModule.v,archived,pass,pass,pass (no mismatches),,2026-06-23T17:40:22Z
137,fsm_serial,,TopModule,a,,rtl-workflow-a,spec/design.spec.txt,/home/jasonpan/final_genrtl/myProject_GENRTL/experiments/artifacts_verilogeval/fsm_serial/workflow_a/TopModule.v,experiments/artifacts_verilogeval/fsm_serial/workflow_a/TopModule.v,archived,pass,pass,pass (no mismatches),,2026-06-23T18:45:23Z
138,2012_q2fsm,,TopModule,a,,rtl-workflow-a,spec/design.spec.txt,/home/jasonpan/final_genrtl/myProject_GENRTL/experiments/artifacts_verilogeval/2012_q2fsm/workflow_a/TopModule.v,experiments/artifacts_verilogeval/2012_q2fsm/workflow_a/TopModule.v,archived,pass,pass,pass (no mismatches),,2026-06-23T17:41:16Z
139,2013_q2bfsm,,TopModule,a,,rtl-workflow-a,spec/design.spec.txt,/home/jasonpan/final_genrtl/myProject_GENRTL/experiments/artifacts_verilogeval/2013_q2bfsm/workflow_a/TopModule.v,experiments/artifacts_verilogeval/2013_q2bfsm/workflow_a/TopModule.v,archived,pass,fail,Hint: Total mismatched samples is 42 out of 1003 samples | Mismatches: 42 in 1003 samples,,2026-06-23T17:42:07Z
140,fsm_hdlc,,TopModule,a,,rtl-workflow-a,spec/design.spec.txt,/home/jasonpan/final_genrtl/myProject_GENRTL/experiments/artifacts_verilogeval/fsm_hdlc/workflow_a/TopModule.v,experiments/artifacts_verilogeval/fsm_hdlc/workflow_a/TopModule.v,archived,pass,pass,pass (no mismatches),,2026-06-23T18:46:06Z
141,count_clock,,TopModule,b,,rtl-pipeline-workflow-b,spec/design.spec.txt,/home/jasonpan/final_genrtl/myProject_GENRTL/experiments/artifacts_verilogeval/count_clock/workflow_b/TopModule.v,experiments/artifacts_verilogeval/count_clock/workflow_b/TopModule.v,archived,pass,fail,Hint: Total mismatched samples is 316800 out of 352414 samples | Mismatches: 316800 in 352414 samples,,2026-06-24T09:10:58Z
142,lemmings2,,TopModule,b,,rtl-pipeline-workflow-b,spec/design.spec.txt,/home/jasonpan/final_genrtl/myProject_GENRTL/experiments/artifacts_verilogeval/lemmings2/workflow_b/TopModule.v,experiments/artifacts_verilogeval/lemmings2/workflow_b/TopModule.v,archived,pass,pass,pass (no mismatches),,2026-06-23T18:48:22Z
143,fsm_onehot,,TopModule,b,,rtl-pipeline-workflow-b,spec/design.spec.txt,/home/jasonpan/final_genrtl/myProject_GENRTL/experiments/artifacts_verilogeval/fsm_onehot/workflow_b/TopModule.v,experiments/artifacts_verilogeval/fsm_onehot/workflow_b/TopModule.v,archived,pass,pass,pass (no mismatches),,2026-06-23T18:48:58Z
144,conwaylife,,TopModule,b,,rtl-pipeline-workflow-b,spec/design.spec.txt,/home/jasonpan/final_genrtl/myProject_GENRTL/experiments/artifacts_verilogeval/conwaylife/workflow_b/TopModule.v,experiments/artifacts_verilogeval/conwaylife/workflow_b/TopModule.v,archived,pass,pass,pass (no mismatches),,2026-06-23T18:49:41Z
145,circuit8,,TopModule,b,,rtl-pipeline-workflow-b,spec/design.spec.txt,/home/jasonpan/final_genrtl/myProject_GENRTL/experiments/artifacts_verilogeval/circuit8/workflow_b/TopModule.v,experiments/artifacts_verilogeval/circuit8/workflow_b/TopModule.v,archived,pass,pass,pass (no mismatches),,2026-06-23T18:50:47Z
146,fsm_serialdata,,TopModule,b,,rtl-pipeline-workflow-b,spec/design.spec.txt,/home/jasonpan/final_genrtl/myProject_GENRTL/experiments/artifacts_verilogeval/fsm_serialdata/workflow_b/TopModule.v,experiments/artifacts_verilogeval/fsm_serialdata/workflow_b/TopModule.v,archived,pass,pass,pass (no mismatches),,2026-06-24T09:22:37Z
147,circuit10,,TopModule,b,,rtl-pipeline-workflow-b,spec/design.spec.txt,/home/jasonpan/final_genrtl/myProject_GENRTL/experiments/artifacts_verilogeval/circuit10/workflow_b/TopModule.v,experiments/artifacts_verilogeval/circuit10/workflow_b/TopModule.v,archived,pass,pass,pass (no mismatches),,2026-06-23T18:53:00Z
148,2013_q2afsm,,TopModule,b,,rtl-pipeline-workflow-b,spec/design.spec.txt,/home/jasonpan/final_genrtl/myProject_GENRTL/experiments/artifacts_verilogeval/2013_q2afsm/workflow_b/TopModule.v,experiments/artifacts_verilogeval/2013_q2afsm/workflow_b/TopModule.v,archived,pass,pass,pass (no mismatches),,2026-06-24T09:23:31Z
149,ece241_2013_q4,,TopModule,b,,rtl-pipeline-workflow-b,spec/design.spec.txt,/home/jasonpan/final_genrtl/myProject_GENRTL/experiments/artifacts_verilogeval/ece241_2013_q4/workflow_b/TopModule.v,experiments/artifacts_verilogeval/ece241_2013_q4/workflow_b/TopModule.v,archived,pass,fail,Hint: Total mismatched samples is 1658 out of 2041 samples | Mismatches: 1658 in 2041 samples,,2026-06-24T09:12:12Z
150,review2015_fsmonehot,,TopModule,b,,rtl-pipeline-workflow-b,spec/design.spec.txt,/home/jasonpan/final_genrtl/myProject_GENRTL/experiments/artifacts_verilogeval/review2015_fsmonehot/workflow_b/TopModule.v,experiments/artifacts_verilogeval/review2015_fsmonehot/workflow_b/TopModule.v,archived,pass,pass,pass (no mismatches),,2026-06-23T18:55:44Z
151,review2015_fsm,,TopModule,b,,rtl-pipeline-workflow-b,spec/design.spec.txt,/home/jasonpan/final_genrtl/myProject_GENRTL/experiments/artifacts_verilogeval/review2015_fsm/workflow_b/TopModule.v,experiments/artifacts_verilogeval/review2015_fsm/workflow_b/TopModule.v,archived,pass,pass,pass (no mismatches),,2026-06-23T18:56:38Z
152,lemmings3,,TopModule,b,,rtl-pipeline-workflow-b,spec/design.spec.txt,/home/jasonpan/final_genrtl/myProject_GENRTL/experiments/artifacts_verilogeval/lemmings3/workflow_b/TopModule.v,experiments/artifacts_verilogeval/lemmings3/workflow_b/TopModule.v,archived,pass,pass,pass (no mismatches),,2026-06-23T18:57:18Z
153,gshare,,TopModule,b,,rtl-pipeline-workflow-b,spec/design.spec.txt,/home/jasonpan/final_genrtl/myProject_GENRTL/experiments/artifacts_verilogeval/gshare/workflow_b/TopModule.v,experiments/artifacts_verilogeval/gshare/workflow_b/TopModule.v,archived,pass,fail,Hint: Total mismatched samples is 579 out of 1084 samples | Mismatches: 579 in 1084 samples,,2026-06-24T09:24:58Z
154,fsm_ps2data,,TopModule,b,,rtl-pipeline-workflow-b,spec/design.spec.txt,/home/jasonpan/final_genrtl/myProject_GENRTL/experiments/artifacts_verilogeval/fsm_ps2data/workflow_b/TopModule.v,experiments/artifacts_verilogeval/fsm_ps2data/workflow_b/TopModule.v,archived,pass,fail,Hint: Total mismatched samples is 978 out of 1618 samples | Mismatches: 978 in 1618 samples,,2026-06-24T09:13:46Z
155,lemmings4,,TopModule,b,,rtl-pipeline-workflow-b,spec/design.spec.txt,/home/jasonpan/final_genrtl/myProject_GENRTL/experiments/artifacts_verilogeval/lemmings4/workflow_b/TopModule.v,experiments/artifacts_verilogeval/lemmings4/workflow_b/TopModule.v,archived,pass,fail,Hint: Total mismatched samples is 202 out of 1004 samples | Mismatches: 202 in 1004 samples,,2026-06-24T09:15:23Z
156,review2015_fancytimer,,TopModule,b,,rtl-pipeline-workflow-b,spec/design.spec.txt,/home/jasonpan/final_genrtl/myProject_GENRTL/experiments/artifacts_verilogeval/review2015_fancytimer/workflow_b/TopModule.v,experiments/artifacts_verilogeval/review2015_fancytimer/workflow_b/TopModule.v,archived,pass,fail,Hint: Total mismatched samples is 145788 out of 235448 samples | Mismatches: 145788 in 235448 samples,,2026-06-24T09:17:42Z
141,count_clock,,TopModule,a,,rtl-workflow-a,spec/design.spec.txt,/home/jasonpan/final_genrtl/myProject_GENRTL/experiments/artifacts_verilogeval/count_clock/workflow_a/TopModule.v,experiments/artifacts_verilogeval/count_clock/workflow_a/TopModule.v,archived,pass,hang,TIMEOUT (simulation exceeded cycle limit),,2026-06-23T19:05:40Z
142,lemmings2,,TopModule,a,,rtl-workflow-a,spec/design.spec.txt,/home/jasonpan/final_genrtl/myProject_GENRTL/experiments/artifacts_verilogeval/lemmings2/workflow_a/TopModule.v,experiments/artifacts_verilogeval/lemmings2/workflow_a/TopModule.v,archived,pass,pass,pass (no mismatches),,2026-06-23T19:07:04Z
143,fsm_onehot,,TopModule,a,,rtl-workflow-a,spec/design.spec.txt,/home/jasonpan/final_genrtl/myProject_GENRTL/experiments/artifacts_verilogeval/fsm_onehot/workflow_a/TopModule.v,experiments/artifacts_verilogeval/fsm_onehot/workflow_a/TopModule.v,archived,pass,fail,Hint: Total mismatched samples is 19 out of 223 samples | Mismatches: 19 in 223 samples,,2026-06-23T19:15:33Z
144,conwaylife,,TopModule,a,,rtl-workflow-a,spec/design.spec.txt,/home/jasonpan/final_genrtl/myProject_GENRTL/experiments/artifacts_verilogeval/conwaylife/workflow_a/TopModule.v,experiments/artifacts_verilogeval/conwaylife/workflow_a/TopModule.v,archived,pass,pass,pass (no mismatches),,2026-06-23T19:08:48Z
145,circuit8,,TopModule,a,,rtl-workflow-a,spec/design.spec.txt,/home/jasonpan/final_genrtl/myProject_GENRTL/experiments/artifacts_verilogeval/circuit8/workflow_a/TopModule.v,experiments/artifacts_verilogeval/circuit8/workflow_a/TopModule.v,archived,fail,skip,Parsing design file 'testbench.sv' 1 error CPU time: .141 seconds to compile ,,2026-06-23T19:17:49Z
146,fsm_serialdata,,TopModule,a,,rtl-workflow-a,spec/design.spec.txt,/home/jasonpan/final_genrtl/myProject_GENRTL/experiments/artifacts_verilogeval/fsm_serialdata/workflow_a/TopModule.v,experiments/artifacts_verilogeval/fsm_serialdata/workflow_a/TopModule.v,archived,pass,pass,pass (no mismatches),,2026-06-23T19:13:17Z
147,circuit10,,TopModule,a,,rtl-workflow-a,spec/design.spec.txt,/home/jasonpan/final_genrtl/myProject_GENRTL/experiments/artifacts_verilogeval/circuit10/workflow_a/TopModule.v,experiments/artifacts_verilogeval/circuit10/workflow_a/TopModule.v,archived,pass,pass,pass (no mismatches),,2026-06-23T19:19:15Z
148,2013_q2afsm,,TopModule,a,,rtl-workflow-a,spec/design.spec.txt,/home/jasonpan/final_genrtl/myProject_GENRTL/experiments/artifacts_verilogeval/2013_q2afsm/workflow_a/TopModule.v,experiments/artifacts_verilogeval/2013_q2afsm/workflow_a/TopModule.v,archived,pass,pass,pass (no mismatches),,2026-06-23T19:19:46Z
149,ece241_2013_q4,,TopModule,a,,rtl-workflow-a,spec/design.spec.txt,/home/jasonpan/final_genrtl/myProject_GENRTL/experiments/artifacts_verilogeval/ece241_2013_q4/workflow_a/TopModule.v,experiments/artifacts_verilogeval/ece241_2013_q4/workflow_a/TopModule.v,archived,pass,fail,Hint: Total mismatched samples is 1658 out of 2041 samples | Mismatches: 1658 in 2041 samples,,2026-06-23T19:20:24Z
150,review2015_fsmonehot,,TopModule,a,,rtl-workflow-a,spec/design.spec.txt,/home/jasonpan/final_genrtl/myProject_GENRTL/experiments/artifacts_verilogeval/review2015_fsmonehot/workflow_a/TopModule.v,experiments/artifacts_verilogeval/review2015_fsmonehot/workflow_a/TopModule.v,archived,pass,pass,pass (no mismatches),,2026-06-23T19:20:59Z
151,review2015_fsm,,TopModule,a,,rtl-workflow-a,spec/design.spec.txt,/home/jasonpan/final_genrtl/myProject_GENRTL/experiments/artifacts_verilogeval/review2015_fsm/workflow_a/TopModule.v,experiments/artifacts_verilogeval/review2015_fsm/workflow_a/TopModule.v,archived,pass,pass,pass (no mismatches),,2026-06-23T19:21:31Z
152,lemmings3,,TopModule,a,,rtl-workflow-a,spec/design.spec.txt,/home/jasonpan/final_genrtl/myProject_GENRTL/experiments/artifacts_verilogeval/lemmings3/workflow_a/TopModule.v,experiments/artifacts_verilogeval/lemmings3/workflow_a/TopModule.v,archived,pass,pass,pass (no mismatches),,2026-06-23T19:22:09Z
153,gshare,,TopModule,a,,rtl-workflow-a,spec/design.spec.txt,/home/jasonpan/final_genrtl/myProject_GENRTL/experiments/artifacts_verilogeval/gshare/workflow_a/TopModule.v,experiments/artifacts_verilogeval/gshare/workflow_a/TopModule.v,archived,pass,pass,pass (no mismatches),,2026-06-23T19:22:42Z
154,fsm_ps2data,,TopModule,a,,rtl-workflow-a,spec/design.spec.txt,/home/jasonpan/final_genrtl/myProject_GENRTL/experiments/artifacts_verilogeval/fsm_ps2data/workflow_a/TopModule.v,experiments/artifacts_verilogeval/fsm_ps2data/workflow_a/TopModule.v,archived,pass,fail,Hint: Total mismatched samples is 756 out of 1618 samples | Mismatches: 756 in 1618 samples,,2026-06-23T19:23:38Z
155,lemmings4,,TopModule,a,,rtl-workflow-a,spec/design.spec.txt,/home/jasonpan/final_genrtl/myProject_GENRTL/experiments/artifacts_verilogeval/lemmings4/workflow_a/TopModule.v,experiments/artifacts_verilogeval/lemmings4/workflow_a/TopModule.v,archived,pass,fail,Hint: Total mismatched samples is 114 out of 1004 samples | Mismatches: 114 in 1004 samples,,2026-06-23T19:24:07Z
156,review2015_fancytimer,,TopModule,a,,rtl-workflow-a,spec/design.spec.txt,/home/jasonpan/final_genrtl/myProject_GENRTL/experiments/artifacts_verilogeval/review2015_fancytimer/workflow_a/TopModule.v,experiments/artifacts_verilogeval/review2015_fancytimer/workflow_a/TopModule.v,archived,pass,hang,TIMEOUT (simulation exceeded cycle limit),,2026-06-23T19:25:06Z
